-- --------------------------------------------------------
-- Host:                         localhost
-- Server version:               5.7.24 - MySQL Community Server (GPL)
-- Server OS:                    Win64
-- HeidiSQL Version:             10.2.0.5599
-- --------------------------------------------------------

/*!40101 SET @OLD_CHARACTER_SET_CLIENT=@@CHARACTER_SET_CLIENT */;
/*!40101 SET NAMES utf8 */;
/*!50503 SET NAMES utf8mb4 */;
/*!40014 SET @OLD_FOREIGN_KEY_CHECKS=@@FOREIGN_KEY_CHECKS, FOREIGN_KEY_CHECKS=0 */;
/*!40101 SET @OLD_SQL_MODE=@@SQL_MODE, SQL_MODE='NO_AUTO_VALUE_ON_ZERO' */;

-- Dumping data for table sipond.bio_siswa: ~21 rows (approximately)
/*!40000 ALTER TABLE `bio_siswa` DISABLE KEYS */;
REPLACE INTO `bio_siswa` (`no_induk`, `no_induk_temp`, `nama_lengkap`, `nama_panggilan`, `tmp_lahir`, `tgl_lahir`, `jk`, `k_agama`, `foto`, `alamat_siswa`, `nama_ayah`, `pekerjaan_ayah`, `pendidikan_ayah`, `no_hp_ayah`, `nama_ibu`, `pekerjaan_ibu`, `pendidikan_ibu`, `no_hp_ibu`, `alamat_ortu`, `no_telp_rmh`, `nama_wali`, `pekerjaan_wali`, `alamat_wali`, `hubungan_wali`, `password`, `pendidikan_terakhir`, `nisn`, `anak_ke`, `diterima_dikelas`, `diterima_tanggal`, `status_dalam_keluarga`, `no_telp_wali`) VALUES
	('2221733397349684', '5312780546506675', 'Indah', 'Elisa', 'mollitia', '1970-11-26', 'Pria', 2, 'Dolorem aut cumque et ut praesentium.', 'quia', 'Zizi', 'qui', 'dolores', '(+62) 711 5479 2037', 'Tugiman', 'qui', 'ea', '0845 774 198', 'earum', '(+62) 491 8471 5139', 'Banawi', 'libero', 'nihil', 'fuga', 'ut', 'itaque', '4929337144992860', '1', 'nihil', '1974-06-23', '1', '(+62) 368 3439 3863'),
	('2221889330292827', '4929857414070550', 'Lanang', 'Rachel', 'magni', '1994-07-03', 'Pria', 2, 'Qui hic eveniet qui ut dolor.', 'quos', 'Candrakanta', 'est', 'quo', '0810 5705 9293', 'Amelia', 'exercitationem', 'sed', '0446 5055 7483', 'voluptatem', '0931 5203 513', 'Clara', 'quasi', 'et', 'maxime', 'rerum', 'eveniet', '4929986316451343', '1', 'optio', '2016-09-29', '1', '0873 0909 5315'),
	('2351645315377021', '2467384897762464', 'Umi', 'Yani', 'quia', '2011-09-05', 'Pria', 2, 'Maxime dolore deserunt saepe fugit sunt.', 'delectus', 'Banawa', 'odio', 'veniam', '0279 7311 6606', 'Tira', 'sequi', 'ut', '0863 4427 1101', 'ad', '(+62) 355 2180 8501', 'Bancar', 'in', 'sapiente', 'expedita', 'et', 'adipisci', '2371373348615962', '1', 'nisi', '1982-12-26', '1', '(+62) 434 0977 3473'),
	('2490005684318241', '4929928988950889', 'Vicky', 'Yuliana', 'expedita', '2007-02-16', 'Pria', 2, 'Fugiat rerum sint similique modi.', 'rem', 'Panca', 'tempora', 'qui', '(+62) 722 4002 356', 'Karna', 'corrupti', 'aut', '(+62) 467 0297 3108', 'molestiae', '027 2835 726', 'Joko', 'ad', 'cum', 'cumque', 'odit', 'harum', '4539779611551806', '1', 'officia', '2001-03-11', '1', '(+62) 515 5456 584'),
	('2537761577089431', '2320013062399664', 'Zelda', 'Marwata', 'iure', '1983-12-05', 'Pria', 2, 'Ad quia quisquam odio est eligendi.', 'vitae', 'Cawuk', 'aut', 'autem', '(+62) 745 7339 5947', 'Dina', 'aspernatur', 'voluptates', '0515 1161 118', 'et', '027 8872 4655', 'Raditya', 'hic', 'ut', 'sapiente', 'officiis', 'placeat', '5254430862210144', '1', 'delectus', '1992-12-13', '1', '(+62) 980 1320 0246'),
	('2552870687116966', '4539803537415571', 'Nurul', 'Soleh', 'et', '1998-07-25', 'Pria', 2, 'Repellat maxime provident voluptas ut.', 'non', 'Indah', 'perspiciatis', 'aut', '(+62) 382 6505 328', 'Betania', 'itaque', 'culpa', '(+62) 563 8172 9072', 'doloremque', '(+62) 28 3130 065', 'Cager', 'vel', 'esse', 'sapiente', 'at', 'explicabo', '4716863869266773', '1', 'illum', '2017-04-17', '1', '0983 3101 9992'),
	('2582459131267965', '5585158106541350', 'Laras', 'Gandewa', 'qui', '1982-05-25', 'Pria', 2, 'Suscipit commodi est aut.', 'dicta', 'Kusuma', 'consequuntur', 'corporis', '0421 2362 886', 'Oliva', 'sunt', 'nesciunt', '(+62) 963 5512 4321', 'praesentium', '(+62) 671 8159 7033', 'Kania', 'quia', 'ut', 'quis', 'quis', 'itaque', '2633044802030717', '1', 'ullam', '2015-08-21', '1', '(+62) 311 2434 4344'),
	('2601936303653095', '4556112439428007', 'Cakrawala', 'Harsaya', 'omnis', '1994-11-22', 'Pria', 2, 'Est fuga facere quia voluptatem.', 'cumque', 'Latika', 'consequatur', 'et', '0385 3797 7544', 'Tira', 'voluptates', 'eum', '0546 2156 327', 'omnis', '0726 1301 3617', 'Nadia', 'dolores', 'qui', 'et', 'id', 'porro', '4752763497971338', '1', 'magni', '2014-06-01', '1', '0954 5586 3917'),
	('2720480657338298', '4863001450389107', 'Amelia', 'Edison', 'similique', '1973-09-27', 'Pria', 2, 'Recusandae maiores vero sed distinctio voluptatem in.', 'vero', 'Suci', 'nihil', 'possimus', '(+62) 823 568 994', 'Dimas', 'et', 'eligendi', '(+62) 579 6598 200', 'expedita', '(+62) 24 7443 3471', 'Samiah', 'vel', 'non', 'modi', 'debitis', 'officia', '4716645105042690', '1', 'error', '2003-05-26', '1', '0202 9032 604'),
	('342997636904058', '4485145235564357', 'Harja', 'Rika', 'similique', '2009-11-23', 'Pria', 2, 'Impedit velit harum sint rem pariatur.', 'asperiores', 'Suci', 'dicta', 'mollitia', '0710 0886 756', 'Agnes', 'ipsum', 'quidem', '0437 6457 5257', 'sequi', '0584 1358 920', 'Tania', 'mollitia', 'sunt', 'beatae', 'est', 'ipsum', '4556889115763159', '1', 'qui', '2018-10-19', '1', '0620 9526 3843'),
	('343581009364717', '4916575626344101', 'Hairyanto', 'Paiman', 'voluptatem', '2009-03-22', 'Pria', 2, 'Ut voluptas libero expedita nisi repellat.', 'molestiae', 'Lili', 'ipsam', 'ab', '0873 6116 3971', 'Dina', 'laborum', 'reiciendis', '0351 1393 998', 'aut', '(+62) 728 1217 601', 'Wawan', 'ut', 'et', 'velit', 'aspernatur', 'quia', '379217918453187', '1', 'doloremque', '2001-06-21', '1', '0832 996 898'),
	('344080259239306', '2374839862644510', 'Daryani', 'Indah', 'voluptatem', '1997-05-20', 'Pria', 2, 'Blanditiis temporibus velit fugiat architecto nam ea.', 'autem', 'Lala', 'dolorem', 'rerum', '028 1307 3996', 'Hadi', 'rerum', 'magnam', '(+62) 309 4524 3283', 'animi', '0403 9670 588', 'Karman', 'facere', 'velit', 'eos', 'quasi', 'pariatur', '2691540635065068', '1', 'omnis', '1991-10-18', '1', '(+62) 844 249 995'),
	('373643317632590', '4485231335331788', 'Wadi', 'Icha', 'et', '2000-04-16', 'Pria', 2, 'Aliquam aut sed autem ut adipisci.', 'pariatur', 'Eka', 'aut', 'perspiciatis', '(+62) 470 7278 860', 'Zelda', 'perferendis', 'et', '0574 1788 7566', 'nihil', '(+62) 25 2167 7994', 'Tari', 'explicabo', 'ut', 'quibusdam', 'deleniti', 'et', '4485203694558', '1', 'eos', '2000-08-18', '1', '(+62) 868 190 678'),
	('377079371463141', '5305134450836836', 'Cawisadi', 'Drajat', 'voluptatem', '1980-09-02', 'Pria', 2, 'Aut tempore consequatur hic quia.', 'voluptates', 'Dwi', 'quo', 'fugit', '(+62) 681 1898 4857', 'Hamima', 'fugiat', 'sed', '0211 5762 754', 'consequatur', '(+62) 746 1068 8472', 'Ina', 'ex', 'natus', 'reiciendis', 'assumenda', 'quo', '4214937086018', '1', 'quos', '2005-05-15', '1', '0707 7663 653'),
	('4024007106365702', '4532522020388817', 'Ozy', 'Balijan', 'numquam', '2008-11-25', 'Pria', 2, 'Dolore veritatis commodi distinctio sed qui.', 'quia', 'Ella', 'et', 'eveniet', '(+62) 998 8587 1155', 'Ade', 'qui', 'sed', '0326 4511 586', 'vitae', '0573 5200 568', 'Luwes', 'nam', 'quo', 'nihil', 'voluptate', 'officia', '4929109753042', '1', 'temporibus', '2018-09-24', '1', '(+62) 249 3813 1031'),
	('4024007119379', '2440254315905957', 'Shakila', 'Cemplunk', 'qui', '2011-06-13', 'Pria', 2, 'Laudantium nostrum quam voluptas.', 'alias', 'Padmi', 'vel', 'recusandae', '(+62) 885 937 950', 'Chelsea', 'quasi', 'labore', '0567 3148 895', 'quia', '(+62) 897 241 803', 'Hesti', 'non', 'corrupti', 'nobis', 'quas', 'sed', '4556535241117766', '1', 'sed', '2013-07-01', '1', '0723 2455 687'),
	('4024007156572173', '6011860702930604', 'Kayun', 'Suci', 'accusamus', '1986-01-27', 'Pria', 2, 'Illum dignissimos aut molestiae quas.', 'quam', 'Kuncara', 'nemo', 'asperiores', '0204 3263 6734', 'Taufik', 'laboriosam', 'libero', '0816 535 087', 'consequatur', '0610 9603 0175', 'Ibrani', 'ut', 'cupiditate', 'iste', 'quia', 'quas', '2437410709014773', '1', 'excepturi', '1989-10-15', '1', '(+62) 877 241 029'),
	('4485087887018714', '2593658092279037', 'Panji Hidayanto S.E.I', 'Prabawa Dabukke', 'consequatur', '2009-11-25', 'Pria', 2, 'Id sunt id ex.', 'cumque', 'Najib Gunarto', 'qui', 'quia', '0534 4358 0534', 'Cakrabuana Setiawan', 'pariatur', 'minus', '0825 6423 336', 'magnam', '(+62) 777 0259 2523', 'Ajiono Manullang', 'voluptate', 'dolorem', 'magnam', 'necessitatibus', 'quis', '5582732013441921', '1', 'voluptatum', '2012-03-11', '1', '0742 5548 330'),
	('4485104715343485', '2557282082238954', 'Hamima', 'Uli', 'consequatur', '2014-10-11', 'Pria', 2, 'Earum et vitae ipsum ullam cupiditate.', 'et', 'Dina', 'assumenda', 'ut', '(+62) 303 2870 6680', 'Fitriani', 'qui', 'sint', '(+62) 256 7739 663', 'repellat', '020 1278 1745', 'Tiara', 'saepe', 'et', 'facilis', 'quasi', 'a', '4556162980845919', '1', 'inventore', '2003-03-12', '1', '(+62) 309 0087 299'),
	('4485350730982712', '4556088861079452', 'Siti', 'Simon', 'eum', '1972-06-02', 'Pria', 2, 'Voluptatum quo aspernatur dolorem praesentium est adipisci.', 'unde', 'Teddy', 'ipsam', 'et', '0846 312 602', 'Laras', 'deleniti', 'esse', '(+62) 429 0040 3655', 'dolorem', '(+62) 746 8985 3862', 'Karimah', 'et', 'voluptas', 'natus', 'aliquid', 'autem', '2668993361198927', '1', 'delectus', '2017-05-02', '1', '(+62) 607 7848 240'),
	('4485499651274086', '2720102832218621', 'Erik', 'Dalima', 'autem', '1986-10-31', 'Pria', 2, 'Non cupiditate dolore ipsum.', 'quas', 'Heru', 'incidunt', 'eveniet', '0791 6033 371', 'Estiono', 'dolores', 'suscipit', '(+62) 20 2792 0024', 'suscipit', '0200 5711 3771', 'Rini', 'omnis', 'rerum', 'ad', 'ad', 'ea', '4539210987895031', '1', 'tempora', '1987-01-07', '1', '0219 2710 222'),
	('4485897058813291', '377567603699110', 'Faizah', 'Prakosa', 'voluptates', '1972-04-08', 'Pria', 2, 'Nam maiores nostrum quo accusamus et.', 'rerum', 'Gamanto', 'possimus', 'qui', '0275 8843 5553', 'Zelda', 'ea', 'aut', '0453 6865 612', 'non', '0589 7165 724', 'Yuliana', 'soluta', 'suscipit', 'et', 'impedit', 'facilis', '4866937859395533', '1', 'sint', '2003-02-14', '1', '0812 3351 558'),
	('4532321796172921', '378762515552387', 'Opan', 'Jagapati', 'numquam', '1983-05-01', 'Pria', 2, 'Molestiae esse et earum ipsam.', 'quia', 'Titin', 'et', 'cumque', '0645 7457 8123', 'Vino', 'tempora', 'quas', '0905 4432 3320', 'distinctio', '(+62) 421 6058 5219', 'Maya', 'quo', 'repellendus', 'rem', 'minus', 'facilis', '4716369100849013', '1', 'qui', '1983-11-19', '1', '0834 8660 4762'),
	('4532625916291043', '4556420204570162', 'Yahya', 'Kartika', 'expedita', '2013-11-23', 'Pria', 2, 'Ipsa omnis culpa aspernatur error iusto.', 'doloribus', 'Empluk', 'voluptas', 'dicta', '0995 7849 7304', 'Uli', 'enim', 'non', '(+62) 909 5323 5437', 'suscipit', '0790 5950 661', 'Janet', 'a', 'qui', 'et', 'dolores', 'possimus', '5181579831643245', '1', 'cupiditate', '1977-12-31', '1', '0939 7019 117'),
	('4532737036400469', '377972293949199', 'Winda Halimah', 'Mahmud Januar', 'perferendis', '1994-04-05', 'Pria', 2, 'Suscipit quia quod est vel.', 'omnis', 'Uchita Zulaikha Yulianti', 'atque', 'doloribus', '0813 001 844', 'Prayitna Prayoga', 'voluptates', 'ratione', '(+62) 608 5538 7260', 'aliquam', '(+62) 892 9724 373', 'Anastasia Victoria Hassanah S.Farm', 'qui', 'rerum', 'perspiciatis', 'corporis', 'tenetur', '2312136728575912', '1', 'quae', '2015-02-07', '1', '(+62) 559 6033 929'),
	('4532840214473942', '2642363813042118', 'Adinata', 'Vivi', 'dignissimos', '2010-11-10', 'Pria', 2, 'Dolorem velit omnis voluptas et.', 'dolorem', 'Devi', 'qui', 'voluptatem', '(+62) 642 7805 775', 'Tirtayasa', 'quas', 'pariatur', '(+62) 612 5662 977', 'incidunt', '(+62) 782 6199 3345', 'Artanto', 'et', 'error', 'quisquam', 'esse', 'magni', '6011828978172870', '1', 'voluptas', '2018-04-11', '1', '025 5739 5776'),
	('4532995215871120', '4532761586658', 'Cinta', 'Rangga', 'accusamus', '1989-05-30', 'Pria', 2, 'Repellendus reprehenderit magnam sapiente ipsa similique.', 'modi', 'Kamal', 'provident', 'dolor', '0946 8966 9916', 'Jaka', 'deserunt', 'unde', '(+62) 357 7580 152', 'quidem', '(+62) 21 4172 9717', 'Icha', 'voluptatem', 'ducimus', 'ratione', 'voluptas', 'est', '4901124313887606', '1', 'vitae', '2019-07-23', '1', '0588 9809 0985'),
	('4539345108175705', '6011236479604492', 'Hartana', 'Tugiman', 'maiores', '1993-06-27', 'Pria', 2, 'Tenetur eos facilis nostrum asperiores quo hic.', 'soluta', 'Uli', 'vel', 'necessitatibus', '0832 3189 0491', 'Vera', 'eaque', 'animi', '0615 9792 2215', 'distinctio', '0206 8898 9205', 'Rini', 'expedita', 'et', 'veniam', 'et', 'voluptatem', '5567898076557140', '1', 'consequatu', '2001-07-23', '1', '0335 9759 064'),
	('4539391030498781', '4532945790424936', 'Aditya', 'Mariadi', 'quasi', '1971-12-05', 'Pria', 2, 'Similique et quos sint nesciunt aut occaecati.', 'quia', 'Humaira', 'aliquid', 'et', '0384 5644 401', 'Jabal', 'vel', 'voluptatem', '0513 6587 0413', 'officia', '(+62) 242 5599 687', 'Vicky', 'explicabo', 'fugit', 'iste', 'vitae', 'at', '4929140933926614', '1', 'molestiae', '1993-04-24', '1', '(+62) 702 5167 190'),
	('4539493209210', '4556224146574385', 'Tiara', 'Ami', 'omnis', '2004-08-18', 'Pria', 2, 'Repudiandae doloribus et ex et quod.', 'reprehenderit', 'Indah', 'officia', 'odit', '(+62) 235 6225 9861', 'Umar', 'possimus', 'suscipit', '(+62) 369 1141 1392', 'minus', '(+62) 915 3221 3944', 'Vivi', 'provident', 'alias', 'aut', 'quasi', 'qui', '2457552887361966', '1', 'pariatur', '2004-06-15', '1', '(+62) 855 3261 491'),
	('4556550281772768', '5472969522738131', 'Lala', 'Hendra', 'dolores', '2001-12-20', 'Pria', 2, 'Odio sit animi sunt.', 'temporibus', 'Najam', 'et', 'sunt', '0882 0962 7907', 'Panca', 'cumque', 'sed', '0451 6665 1601', 'nemo', '(+62) 800 7653 8627', 'Oliva', 'maxime', 'rerum', 'amet', 'nobis', 'maxime', '2720954639361693', '1', 'nisi', '2013-09-05', '1', '(+62) 872 577 508'),
	('4716017103728920', '2559903487614824', 'Galar', 'Cinta', 'fugiat', '2010-06-23', 'Pria', 2, 'Dolor autem vero excepturi.', 'nesciunt', 'Bagya', 'porro', 'aperiam', '0869 3038 5701', 'Cawisono', 'ipsum', 'provident', '(+62) 674 5643 9176', 'qui', '(+62) 319 1611 281', 'Rika', 'aliquid', 'vero', 'magni', 'beatae', 'quisquam', '4544637431480486', '1', 'incidunt', '1976-03-05', '1', '(+62) 681 9049 1607'),
	('4716242502375269', '4539681969647030', 'Betania', 'Anita', 'neque', '1988-07-22', 'Pria', 2, 'Quasi similique provident neque aut.', 'sunt', 'Darman', 'consequuntur', 'quis', '0800 018 310', 'Eman', 'vitae', 'aut', '0735 3378 666', 'assumenda', '(+62) 899 434 913', 'Hani', 'fugit', 'perferendis', 'incidunt', 'enim', 'officiis', '5249582404461615', '1', 'optio', '2019-08-05', '1', '(+62) 22 7170 4201'),
	('4716861047696242', '2221101836168984', 'Erik', 'Gaiman', 'odio', '2004-03-01', 'Pria', 2, 'Voluptas est iusto fugiat illo necessitatibus.', 'aut', 'Hartaka', 'voluptate', 'exercitationem', '(+62) 888 8940 065', 'Hasna', 'repellendus', 'corporis', '0748 5812 2406', 'facilis', '(+62) 776 7283 7387', 'Kadir', 'nesciunt', 'voluptatem', 'ipsam', 'dolorum', 'sunt', '6011887252426659', '1', 'ea', '1998-06-20', '1', '(+62) 493 1155 8762'),
	('4916138493562782', '5279793619093811', 'Ade', 'Saadat', 'ipsum', '1980-09-06', 'Pria', 2, 'Quia omnis optio dolorem praesentium.', 'illo', 'Citra', 'dignissimos', 'vel', '0862 1568 574', 'Karma', 'aliquam', 'excepturi', '(+62) 477 4368 3642', 'tenetur', '0539 6620 645', 'Mulya', 'est', 'sapiente', 'eos', 'dolores', 'perferendis', '2351653790822347', '1', 'et', '1996-05-10', '1', '(+62) 936 5082 0506'),
	('4916367560614487', '4916806444547801', 'Kiandra', 'Ganda', 'repudiandae', '1983-02-08', 'Pria', 2, 'Sequi eveniet consequatur error.', 'mollitia', 'Warta', 'reprehenderit', 'velit', '0901 0510 168', 'Zamira', 'temporibus', 'quod', '0871 6686 9988', 'quia', '0242 3388 629', 'Narji', 'ut', 'soluta', 'veniam', 'assumenda', 'ea', '2407788873802719', '1', 'veritatis', '1992-05-20', '1', '0918 6368 0536'),
	('4916775586188866', '4532823371792', 'Dewi', 'Eluh', 'id', '2017-05-26', 'Pria', 2, 'Dolores aliquid aliquam quia ratione quidem.', 'commodi', 'Samsul', 'similique', 'fugiat', '(+62) 24 8247 708', 'Dariati', 'voluptas', 'et', '0283 9349 8454', 'nesciunt', '0885 9134 5734', 'Aswani', 'molestiae', 'reiciendis', 'odit', 'tempore', 'aperiam', '5509789181649735', '1', 'nisi', '2007-05-30', '1', '0519 5444 5712'),
	('4929041694039987', '4024007102542544', 'Ghaliyati', 'Pangestu', 'eveniet', '1997-03-03', 'Pria', 2, 'Culpa officia alias animi officiis doloribus.', 'ut', 'Labuh', 'officia', 'ipsam', '0687 6986 973', 'Alika', 'amet', 'enim', '(+62) 818 5137 3377', 'ipsum', '(+62) 872 563 663', 'Tiara', 'qui', 'provident', 'nesciunt', 'ipsa', 'non', '4916682699288668', '1', 'voluptatem', '2011-09-23', '1', '(+62) 443 6425 3217'),
	('4929674254766159', '2574358588393136', 'Marsito', 'Cahya', 'velit', '2014-02-24', 'Pria', 2, 'Voluptatibus nesciunt quia consequatur ut dolores.', 'cum', 'Danang', 'voluptas', 'voluptates', '0362 6916 378', 'Ajiman', 'quae', 'dolore', '0714 4031 083', 'sunt', '(+62) 571 3819 134', 'Laras', 'iure', 'quo', 'natus', 'quae', 'aut', '4532309060736034', '1', 'numquam', '1977-06-13', '1', '0316 2410 1471'),
	('5162614707652823', '371825125120684', 'Vera', 'Narji', 'possimus', '1993-11-14', 'Pria', 2, 'Atque nemo et vel aut tempore ut.', 'porro', 'Anita', 'sequi', 'sapiente', '(+62) 986 8701 796', 'Kasiran', 'cupiditate', 'rerum', '0703 4031 1389', 'dolores', '0704 2070 843', 'Hani', 'alias', 'pariatur', 'quia', 'consequatur', 'at', '5534494578828609', '1', 'qui', '2015-02-04', '1', '(+62) 976 3706 5330'),
	('5259628870927618', '5141869496576775', 'Tira', 'Warsa', 'eum', '1972-04-14', 'Pria', 2, 'Reiciendis ipsa et autem.', 'perspiciatis', 'Yoga', 'doloribus', 'aliquam', '(+62) 497 9537 001', 'Yulia', 'et', 'expedita', '(+62) 229 2980 5193', 'eligendi', '(+62) 612 1292 321', 'Lalita', 'voluptate', 'dolorem', 'animi', 'qui', 'autem', '2525298752457566', '1', 'quo', '2011-04-08', '1', '(+62) 543 6543 5259'),
	('5326248691106901', '2720544028338954', 'Radika', 'Latif', 'harum', '1983-10-29', 'Pria', 2, 'Nulla a ducimus vitae non maxime et.', 'voluptatum', 'Jarwi', 'sed', 'neque', '(+62) 265 7878 413', 'Hamima', 'esse', 'ipsam', '0919 5228 0899', 'voluptates', '0226 3299 681', 'Murti', 'ipsam', 'occaecati', 'laudantium', 'et', 'consequatur', '4539101723354641', '1', 'reprehende', '2015-10-10', '1', '(+62) 874 875 346'),
	('5383509448418448', '4929174755817213', 'Hamima', 'Paulin', 'praesentium', '1997-10-30', 'Pria', 2, 'At et incidunt vel.', 'expedita', 'Salwa', 'voluptates', 'odio', '0530 4239 3119', 'Nyana', 'quia', 'quo', '(+62) 516 5156 5263', 'quis', '(+62) 245 2642 650', 'Julia', 'aut', 'officiis', 'repellat', 'optio', 'rem', '4916778201736077', '1', 'quas', '1973-07-19', '1', '(+62) 307 6803 3287'),
	('5416378615928568', '349591514300670', 'Eka', 'Prayitna', 'consequatur', '1981-11-01', 'Pria', 2, 'Ullam minima at praesentium necessitatibus consequatur.', 'consequatur', 'Martana', 'qui', 'ut', '0878 8872 3997', 'Bakiadi', 'doloremque', 'quia', '0903 9192 2435', 'sit', '0333 2153 851', 'Aslijan', 'quos', 'iusto', 'in', 'aut', 'porro', '4556302425795', '1', 'quam', '2012-05-25', '1', '0844 1656 6599'),
	('5440291413010804', '4556068643229500', 'Hesti', 'Ajimat', 'eius', '2001-05-21', 'Pria', 2, 'Sunt illo veritatis commodi eligendi.', 'est', 'Tirtayasa', 'odit', 'repudiandae', '0541 7777 025', 'Olivia', 'perspiciatis', 'odit', '(+62) 922 2770 5816', 'soluta', '0807 8429 8459', 'Saiful', 'culpa', 'veritatis', 'eum', 'minus', 'magni', '4539222491641512', '1', 'consectetu', '2014-10-01', '1', '0354 5006 0027'),
	('5514177044088395', '4532394008641', 'Bahuwirya Napitupulu', 'Jasmin Kusmawati', 'nesciunt', '1999-01-12', 'Pria', 2, 'Eos earum aperiam excepturi.', 'recusandae', 'Nilam Riyanti S.Gz', 'ut', 'et', '(+62) 403 9943 7453', 'Ade Widiastuti', 'adipisci', 'qui', '(+62) 517 8377 446', 'excepturi', '(+62) 387 5133 6575', 'Kezia Fathonah Rahayu S.Sos', 'dolor', 'doloribus', 'ipsum', 'quaerat', 'harum', '4916076675221118', '1', 'et', '1983-06-16', '1', '0805 2548 188'),
	('5529192352160333', '2221817341598296', 'Kajen', 'Jessica', 'molestias', '1996-03-12', 'Pria', 2, 'Id est qui velit.', 'in', 'Kenes', 'pariatur', 'et', '025 4809 192', 'Sari', 'reprehenderit', 'fugiat', '0906 3979 2876', 'veniam', '0308 7332 875', 'Pranata', 'nihil', 'voluptas', 'asperiores', 'fuga', 'maxime', '4485808358974360', '1', 'autem', '2004-02-02', '1', '0560 0568 3115'),
	('6011986134598287', '2693240251138640', 'Saadat', 'Dalima', 'quae', '1992-07-22', 'Pria', 2, 'Ut labore adipisci at repellat voluptas ut.', 'eum', 'Halim', 'eos', 'porro', '(+62) 998 1382 412', 'Raden', 'libero', 'voluptatem', '0593 0296 5748', 'necessitatibus', '0652 4573 817', 'Rafid', 'eos', 'et', 'omnis', 'autem', 'voluptas', '2660204038662172', '1', 'qui', '1972-10-05', '1', '(+62) 615 0565 2830');
/*!40000 ALTER TABLE `bio_siswa` ENABLE KEYS */;

-- Dumping data for table sipond.jenis_bayar: ~2 rows (approximately)
/*!40000 ALTER TABLE `jenis_bayar` DISABLE KEYS */;
REPLACE INTO `jenis_bayar` (`id_jenis`, `jenis_bayar`) VALUES
	(1, 'test'),
	(3, 'jenis bayar oke');
/*!40000 ALTER TABLE `jenis_bayar` ENABLE KEYS */;

-- Dumping data for table sipond.jenis_prestasi: ~2 rows (approximately)
/*!40000 ALTER TABLE `jenis_prestasi` DISABLE KEYS */;
REPLACE INTO `jenis_prestasi` (`id`, `nama`) VALUES
	(2, 'Akademik'),
	(3, 'Olahraga');
/*!40000 ALTER TABLE `jenis_prestasi` ENABLE KEYS */;

-- Dumping data for table sipond.jenis_produk_bayar: ~0 rows (approximately)
/*!40000 ALTER TABLE `jenis_produk_bayar` DISABLE KEYS */;
REPLACE INTO `jenis_produk_bayar` (`id_jenis_produk`, `jenis_produk`, `nominal`) VALUES
	(1, 'oke', 20000);
/*!40000 ALTER TABLE `jenis_produk_bayar` ENABLE KEYS */;

-- Dumping data for table sipond.kelas: ~0 rows (approximately)
/*!40000 ALTER TABLE `kelas` DISABLE KEYS */;
/*!40000 ALTER TABLE `kelas` ENABLE KEYS */;

-- Dumping data for table sipond.kelas_siswa: ~0 rows (approximately)
/*!40000 ALTER TABLE `kelas_siswa` DISABLE KEYS */;
/*!40000 ALTER TABLE `kelas_siswa` ENABLE KEYS */;

-- Dumping data for table sipond.kesehatan: ~0 rows (approximately)
/*!40000 ALTER TABLE `kesehatan` DISABLE KEYS */;
REPLACE INTO `kesehatan` (`id_kesehatan`, `no_induk`, `tgl_mulai`, `tgl_selesai`, `keluhan`, `obat`, `catatan`) VALUES
	(1, '2221889330292827', '2020-02-05', '2020-02-13', 'sakit', 'asas', 'sasas');
/*!40000 ALTER TABLE `kesehatan` ENABLE KEYS */;

-- Dumping data for table sipond.pelanggaran: ~3 rows (approximately)
/*!40000 ALTER TABLE `pelanggaran` DISABLE KEYS */;
REPLACE INTO `pelanggaran` (`id_pelanggaran`, `no_induk`, `keterangan`, `skor`) VALUES
	(7508645, '2221889330292827', '', 20),
	(34314353, '2537761577089431', '', 123),
	(89269828, '2221733397349684', '', 33);
/*!40000 ALTER TABLE `pelanggaran` ENABLE KEYS */;

-- Dumping data for table sipond.pelanggaran_detail: ~3 rows (approximately)
/*!40000 ALTER TABLE `pelanggaran_detail` DISABLE KEYS */;
REPLACE INTO `pelanggaran_detail` (`id`, `id_pelanggaran`, `tindakan_id`, `catatan`, `poin`, `tgl_pelanggaran`) VALUES
	(1, 89269828, 1, 'dasdas', 20, '2020-02-11'),
	(2, 7508645, 1, 'oke', 20, '2020-02-11'),
	(3, 34314353, 3, 'asdas', 123, '2020-02-11'),
	(4, 89269828, 3, 'dasdas', 13, '2020-02-11');
/*!40000 ALTER TABLE `pelanggaran_detail` ENABLE KEYS */;

-- Dumping data for table sipond.pembayaran: ~0 rows (approximately)
/*!40000 ALTER TABLE `pembayaran` DISABLE KEYS */;
REPLACE INTO `pembayaran` (`no_nota`, `no_induk`, `id_jenis_bayar`, `id_produk_bayar`, `jumlah`, `catatan`, `tgl_pembayaran`, `created_at`, `updated_at`) VALUES
	(2, '2351645315377021', 3, 1, 348480, 'oke', '2020-02-07', '2020-02-07 08:44:12', '2020-02-07 08:44:12');
/*!40000 ALTER TABLE `pembayaran` ENABLE KEYS */;

-- Dumping data for table sipond.perizinan: ~0 rows (approximately)
/*!40000 ALTER TABLE `perizinan` DISABLE KEYS */;
/*!40000 ALTER TABLE `perizinan` ENABLE KEYS */;

-- Dumping data for table sipond.perizinan_kembali: ~0 rows (approximately)
/*!40000 ALTER TABLE `perizinan_kembali` DISABLE KEYS */;
/*!40000 ALTER TABLE `perizinan_kembali` ENABLE KEYS */;

-- Dumping data for table sipond.prestasi: ~0 rows (approximately)
/*!40000 ALTER TABLE `prestasi` DISABLE KEYS */;
REPLACE INTO `prestasi` (`id_prestasi`, `no_induk`, `tgl_prestasi`, `jenis_prestasi_id`, `catatan`) VALUES
	(1, '2351645315377021', '2020-02-05', 3, '0');
/*!40000 ALTER TABLE `prestasi` ENABLE KEYS */;

-- Dumping data for table sipond.tindakan: ~3 rows (approximately)
/*!40000 ALTER TABLE `tindakan` DISABLE KEYS */;
REPLACE INTO `tindakan` (`id`, `nama_tindakan`) VALUES
	(1, 'qwerty'),
	(3, 'test');
/*!40000 ALTER TABLE `tindakan` ENABLE KEYS */;

/*!40101 SET SQL_MODE=IFNULL(@OLD_SQL_MODE, '') */;
/*!40014 SET FOREIGN_KEY_CHECKS=IF(@OLD_FOREIGN_KEY_CHECKS IS NULL, 1, @OLD_FOREIGN_KEY_CHECKS) */;
/*!40101 SET CHARACTER_SET_CLIENT=@OLD_CHARACTER_SET_CLIENT */;
